{"modelling":{"id":"8e1b0b7236d192b20ba8c75e6421849217e86f8a","trg_seq":"-----MTGLLDGKRILVSGIITDSSIAFHIARVAQEQGAQLVLTGFDRLRLIQRITDRLPAKAPLL--ELDVQNEEHLASLAGRVTEAIGAGNKLDGVVHSIGFMPQTGMGINPFFDAPYADVSKGIHISAYSYASMAKALLPIMNPGGSIVGMD-FDPSRAMPAYNWMTVAKSALESVNRFVAREAGKYGVRSNLVAAGPIRTLAMSAIVGGALGEEAGAQIQLLEEGWDQ-RAPIGWNMKDATPVAKTVCALLSDWLPATTGDIIYADGGAHTQLL-------------","tpl_seq":"--MAKGNGLLYGKRGLILGLANNRSIAWGIAKTASSAGAELAFT-YQGEAMKKRVEPLAEEVKGFVCGHCDVSDSASIDAVFNTIEKKWG---KLDFLVHAIGFSDKEELS-GRYVDISESNFMMTMNISVYSLTALTKRAEKLMSDGGSILTLTYYGAEKVVPNYNVMGVAKAALEASVKYLAVDLGPKHIRVNAISAGPIKTLAASGI---------GDFRYILK--WNEYNAPLRRTVT-IEEVGDSALYLLSDLSRSVTGEVHHVDSGYNIIGMKAVDAPDISVVKE","pdb_id":"5tf4","chain":"D","method":"X-RAY DIFFRACTION","short_method":"X-ray","coverage":0.9368029832839966,"resolution":1.9500000476837158,"description":"Enoyl-[acyl-carrier-protein] reductase [NADH]","seq_sim":0.35661378502845764,"assembly_id":1,"score":1.4787296056747437,"pred_lddt":0.6497471928596497,"seq_id":30.952381134033203,"found_by":"USER_ALIGNMENT","oligo_state":"homo-tetramer","comment":", gmqe_dist_const=0.7130935192108154, gmqe_reduced=0.08208861202001572, gmqe_cb_packing=-0.03743567317724228, gmqe_torsion=-0.19783782958984375, gmqe_ss_agreement=0.6816858649253845, gmqe_coverage=0.9368029832839966, gmqe_seq_id=30.952381134033203, gmqe_seq_sim=0.35661375522613525, gmqe_n_insertions=6, gmqe_n_deletions=3, gmqe_seqres_length=269, gmqe_seqres_coverage=0.9368029739776952, gmqe_profile_aln_score=215.4346923828125, gmqe_avg_entropy=2.276975154876709","offset":2,"starttime":"10-12-22 (23:15:17)","QMean":{"global_scores":{"qmean4_norm_score":0.6577436993632155,"qmean4_z_score":-2.8443023920696104,"qmean6_norm_score":0.6975843632182916,"qmean6_z_score":-1.6785470587313522,"interaction_norm_score":-0.013652792745203026,"interaction_z_score":-2.175603692571791,"cbeta_norm_score":-0.007497765572874191,"cbeta_z_score":-1.4250833016577285,"packing_norm_score":-0.31572470916837597,"packing_z_score":-0.9515220174088423,"torsion_norm_score":-0.05581530237763698,"torsion_z_score":-2.369739317502775,"ss_agreement_norm_score":0.666615843743027,"ss_agreement_z_score":0.15541948214824552,"acc_agreement_norm_score":0.7843866171003717,"acc_agreement_z_score":0.9148184880661001,"avg_local_score":0.663585162854559,"avg_local_score_error":0.051},"local_scores":{"D":[0.3718516644496622,0.45806122110344644,0.8330448725929417,0.831435237038926,0.8571755674494175,0.8410598348970615,0.8693159464121681,0.8234963099912919,0.7824660795437095,0.8715381863686485,0.8528414166355258,0.8524575326512634,0.8125544508816652,0.7933845703078598,0.6876320583212984,0.652727993791351,0.7547250179063613,0.7461310083283968,0.7992931337746757,0.8055313189777309,0.8379648369298677,0.865226444521033,0.8300404091364565,0.8115658525155156,0.8807915350334073,0.8849313262004086,0.7675773797369525,0.8625869167117677,0.8923998876073499,0.8048272113586934,0.791256899133053,0.8103312062657794,0.8554274509642157,0.8864068049489255,0.801472734099225,0.8117053748903377,0.8009204383026282,0.7525704056248977,0.644333992020332,0.6249687376045331,0.4047009210899146,0.3798504185441553,0.4089457572009137,0.5215818557835157,0.5721490428122153,0.4597093705924509,0.5305540183748361,0.5719294316131387,0.4546166484537842,0.5956108575816912,0.5642678810567252,0.6531137976222057,0.4560810960803448,0.37169796431033025,0.37691010118662527,0.5062675133666206,0.4520346482321504,0.5571824295133481,0.424303289820893,0.5077153849642563,0.3570419250651386,0.3650580270575494,0.37855374187954827,0.35282335563409434,0.3976233452916815,0.34473477594048507,0.6768355341812617,0.655342726714461,0.6811285414697209,0.6285398878269352,0.6372595800603787,0.7244192967950152,0.6589229378395381,0.6262083780699658,0.6754457433961241,0.706135832715143,0.6528778745316847,0.77398347303404,0.696222479790671,0.6651078390726309,0.7142207626185437,0.6867258923857674,0.7241814944487336,0.6286194180437535,0.6152423903221241,0.6394217404712497,0.7018331626120116,0.814116871375934,0.834777907974196,0.8636468290794862,0.8456947512731401,0.8492281093143064,0.8063183107910965,0.8228541250495878,0.7988273776783796,0.7966678699304103,0.7265125510204997,0.724358448338801,0.6840472620853117,0.4085231716238873,0.31319154463399845,0.47412286177686924,0.6037128629604205,0.49116118976310663,0.5134770345380577,0.5347684040107805,0.497513459105513,0.5615026992517864,0.6242117514984271,0.6407439987959784,0.7566655438823606,0.7346278944847437,0.7201907452871953,0.7929521751051338,0.7339357224672968,0.7534321545920131,0.7629089488440962,0.7423394278123083,0.7980147789874177,0.7772175876582242,0.7619476105933506,0.7696314910145283,0.8124119103391801,0.8450584426222635,0.7565934543638227,0.7900198125552023,0.7671811444077765,0.8029832771001372,0.7593751055072901,0.7462059523106157,0.7996964282681503,0.721381228630714,0.7513262344655601,0.7630393083858821,0.6804350409460722,0.5898343055698002,0.7402264445407537,0.7375741361863324,0.4681556392974475,0.42310022684300086,0.5705637194205619,0.8295932722275997,0.8621178125682589,0.8333733726108867,0.8787270345497432,0.8841528531295205,0.7587272414368131,0.7222606166511633,0.5873989623469646,0.4496783067994902,0.7672711655601228,0.7345367511779902,0.5574181465176639,0.59147468859056,0.4840118577582559,0.569382684643972,0.6231361581220745,0.5941164129610821,0.6348152633280885,0.7016040273152662,0.7325817241714669,0.734083427161561,0.8170165444612485,0.8766162470183196,0.8179259298229489,0.8550311501411473,0.8835973958068482,0.8663220199367104,0.8153178368312676,0.8317714633803516,0.8289047090074992,0.8250818631175113,0.7612081757065071,0.7785742501834044,0.7712861958956213,0.8586708851403168,0.7192640301116412,0.6494673532716324,0.6851535992638967,0.8023174800341631,0.6181448200005384,0.6417670485984325,0.7944811155819768,0.8819522802985622,0.7824278749789547,0.8768404500469098,0.881693770751237,0.8818668845532939,0.8698161733368439,0.8255686937388238,0.7739830377802157,0.6036046730815,0.6214158283864556,0.6713142682867684,0.5240236488294128,0.6788607370849895,0.5283824193102526,0.54109626735435,0.46217784636310083,0.45737823827066454,0.4033242664464283,0.38444996441521767,0.35277351825061454,0.2974955013249262,0.32796605482713814,0.34036510981582146,0.3587573532666281,0.3432134712608025,0.22330066025981882,0.29489054548847893,0.2856276023951957,0.481765698111926,0.4297187517065578,0.33969208515759997,0.5187790504583035,0.5876602244163587,0.37728599604080276,0.4254181959991285,0.4804871905487394,0.5751558963246696,0.43503977654669906,0.3807388644665519,0.3286146265134714,0.4458086554768157,0.39365315686989044,0.632890732095661,0.7030569734252827,0.6516689341440495,0.5030397840643078,0.34615566393279756,0.4247675573754371,0.31557930180858246,0.37062721760587924,0.52892872971154,0.7246465280791338,0.7333610661077078,0.7173855797784796,0.7849722060736896,0.8034593971668891,0.7615745470128483,0.8114159008496041,0.8382381862054661,0.8014048082237999,0.8411720664985515,0.8660112803311555,0.8591538932601015,0.8447848990578234,0.7743769925915268,0.679048311901073,0.721667551490279,0.7154085288082932,0.7041416856665607,0.756773054858766,0.8637049962819727,0.8977164635202257,0.8683744983983297,0.8345234112047439,0.8151584490608058,0.7745365075731827,0.8010201273344536,0.647744160988971,0.6952844673775296,0.7040941796661975,0.6514164838217222,0.6155657336401922,0.7283078251668225,0.5678328650964413,0.3360893482493426,0.27779357573229474]},"qmean_version":"4.3.0"},"title":"Modelling","endtime":"10-12-22 (23:15:31)","mod_engine":["ProMod3"],"ProMod3":{"version":"3.2.1"},"ProMod":null,"MODELLER":null,"SPDBV":null}}