{"modelling":{"id":"014eee5637f9f483147cba662b564f57e3c76f3e","trg_seq":"-----MTGLLDGKRILVSGIITDSSIAFHIARVAQEQGAQLVLTGFDRLRLIQRITDRLPAKAPL---LELDVQNEEHLASLAGRVTEAIGAGNKLDGVVHSIGFMPQTGMGINPFFDAPYADVSKGIHISAYSYASMAKALLPIMNPGGSIVGMDF-DPSRAMPAYNWMTVAKSALESVNRFVAREAGKYGVRSNLVAAGPIRTLAMSAIVGGALGEEAGAQIQLLEEGWDQRAPIGWNMKDAT--------PVAKTVCALLSDWLPATTGDIIYADGGAHTQLL-------------","tpl_seq":"--MAKGNGLLYGKRGLILGLANNRSIAWGIAKTASSAGAELAFTYQGEA-MKKRVE-PLAEEVKGFVCGHCDVSDSA---SIDAVFNTIEKKWGKLDFLVHAIGFSDKEELS-GRYVDISESNFMMTMNISVYSLTALTKRAEKLMSDGGSILTLTYYGAEKVVPNYNVMGVAKAALEASVKYLAVDLGPKHIRVNAISAGPIKTLAASGIGDF-------------------RYILKWNEYNAPLRRTVTIEEVGDSALYLLSDLSRSVTGEVHHVDSGYNIIGMKAVDAPDISVVKE","pdb_id":"5tf4","chain":"D","method":"X-RAY DIFFRACTION","short_method":"X-ray","coverage":0.9070631861686707,"resolution":1.9500000476837158,"description":"Enoyl-[acyl-carrier-protein] reductase [NADH]","seq_sim":0.3513661026954651,"assembly_id":1,"score":1.4222006797790527,"pred_lddt":0.6127247214317322,"seq_id":31.967212677001953,"found_by":"USER_ALIGNMENT","oligo_state":"homo-tetramer","comment":", gmqe_dist_const=0.7011651396751404, gmqe_reduced=0.08285754173994064, gmqe_cb_packing=-0.032071225345134735, gmqe_torsion=-0.16108377277851105, gmqe_ss_agreement=0.5315213799476624, gmqe_coverage=0.9070631861686707, gmqe_seq_id=31.967212677001953, gmqe_seq_sim=0.3513661026954651, gmqe_n_insertions=5, gmqe_n_deletions=3, gmqe_seqres_length=269, gmqe_seqres_coverage=0.9070631970260223, gmqe_profile_aln_score=200.62991333007812, gmqe_avg_entropy=2.276975154876709","offset":2,"starttime":"10-12-22 (23:14:55)","QMean":{"global_scores":{"qmean4_norm_score":0.654564963056078,"qmean4_z_score":-2.9218253519957504,"qmean6_norm_score":0.67483533237952,"qmean6_z_score":-2.164372894784584,"interaction_norm_score":-0.010435625009960257,"interaction_z_score":-2.868700364536584,"cbeta_norm_score":-0.0033505815144050104,"cbeta_z_score":-2.455898640288213,"packing_norm_score":-0.2868637943257457,"packing_z_score":-1.4390127041861354,"torsion_norm_score":-0.09309707536045814,"torsion_z_score":-2.037017012510125,"ss_agreement_norm_score":0.48647387779999846,"ss_agreement_z_score":-1.2893996024416585,"acc_agreement_norm_score":0.7955390334572491,"acc_agreement_z_score":1.0166179334581638,"avg_local_score":0.6345843830759197,"avg_local_score_error":0.051},"local_scores":{"D":[0.3685115483291238,0.4671387714875902,0.8311310098274866,0.8255960864465581,0.8673202566715679,0.8519588391815749,0.8531556407274524,0.8110951798177165,0.7700974025816717,0.8394222708885126,0.8346708657487768,0.8412831718766208,0.8040140595524666,0.8123220808394265,0.7133957334861905,0.6746572243668933,0.7272336641133894,0.6619903239174507,0.7043356362970958,0.7708268270146021,0.8477146715754226,0.8500242343089086,0.799546600376683,0.7890737238280334,0.8804702684994395,0.8664103428218503,0.7605972331350295,0.8719099587065307,0.892971004202024,0.8267045761652984,0.8279414242289306,0.836839215252927,0.8922812720216164,0.9035705064453136,0.8198738643681247,0.8321105683333729,0.8001461510796305,0.7760624961836751,0.7127644130016335,0.6991980659503769,0.661121975723245,0.5591994883264788,0.4678799643613169,0.44376397145947666,0.39512987676736944,0.41121444059560425,0.47179679680410685,0.46973172149830117,0.3721992670928255,0.4996002396687525,0.4405584136628941,0.52065163928377,0.3947457194019165,0.4025251394049609,0.3280646626284339,0.592209864826179,0.5875469641502997,0.5945658911753202,0.49488251505450837,0.6040627716238361,0.4523645826107332,0.5310265881164737,0.6014477325419803,0.667602541306217,0.7462208917288019,0.70630294422728,0.5685749889258809,0.49159304057854886,0.32280803832581345,0.38929319026516285,0.33549883055946345,0.3866125330598718,0.4555493615406675,0.4743238758071309,0.5128328011783981,0.5006150588074894,0.45850743089493795,0.6097310101101515,0.49251206919696555,0.5900111307597852,0.5731652783433078,0.4530381368681148,0.6654107326868314,0.4133641761567279,0.3987389300682567,0.5345372638547368,0.6609772197340769,0.743763020201113,0.7969347276633872,0.8495605101288556,0.8260763519397842,0.8793119894841408,0.8123936633438196,0.8541778976286718,0.8243452114951614,0.8186380978601261,0.7541603973012458,0.7338481708725136,0.6823705374913397,0.4378964466882082,0.28119579600702804,0.40315797013259624,0.6625513031729325,0.46154654593880995,0.5415337327702211,0.6259476070855639,0.5613905622979125,0.6120539286348092,0.6831910666446054,0.700903089031719,0.7739587183573725,0.7413980237347993,0.7276588519593842,0.785414754023274,0.7339521949494221,0.768278268878376,0.7800952755567512,0.7471287028301582,0.8447905331694407,0.7961869894174121,0.7736937366615559,0.7715581182768446,0.8388549219270742,0.8505506965656398,0.7669988185021392,0.7605881532993063,0.7591265236815149,0.8089909525083769,0.7081695309659227,0.7019713040805259,0.7650411138635759,0.6986294183867909,0.6589324525663743,0.6912962404254197,0.643977929714922,0.5853553671903593,0.6713318648685513,0.6999770634208021,0.43129313936656916,0.526358404498273,0.6053826706029839,0.8463712525162641,0.8672896179749308,0.8447901223456784,0.8997766278833782,0.9271672041258994,0.8275604691656407,0.8422960135018922,0.7922720386051554,0.7865798598649267,0.6887036149777523,0.7037211030244509,0.516936728382819,0.6355805016991859,0.4436714171217563,0.5700581572705918,0.6306564499361468,0.651624865009529,0.7189387124825197,0.737465458836532,0.7789795184172092,0.7734640132758763,0.842170716721209,0.8957102246730363,0.8388734534852222,0.8572954671690324,0.8760246407332123,0.8832705193124293,0.8164824497605806,0.8331267020096277,0.8372756181459514,0.8111513723601018,0.7459500774021355,0.7617637638770965,0.7599283856055652,0.8587380248314488,0.7022079166738041,0.6285593863048016,0.6565276478849184,0.7911115046686765,0.6207311823761057,0.6411647016403237,0.772841428197933,0.8868243094845415,0.7721601998758902,0.8799964533505924,0.8917421908668097,0.9165721369259066,0.9237070348075305,0.9048265855862241,0.8181827558620213,0.7384154193342325,0.5780940345797536,0.5829672650518709,0.44113056962562025,0.5978245984994719,0.4623982768208982,0.5350127761149172,0.42649860102125403,0.43147254302543975,0.4014868004002715,0.37911173481849025,0.2846550232502834,0.30301345082472325,0.30566787134840145,0.33849070853949303,0.25767319881282613,0.30585012652598575,0.23399087089080817,0.25937342114405704,0.2253456803543648,0.21209863534472684,0.27041137897277245,0.21489344868986476,0.2356446899065044,0.24258915260973044,0.23709076944572938,0.2918085997298064,0.32363837271807383,0.2698309718003601,0.2711604312635797,0.28130733616831904,0.2547925397465397,0.26400362827742596,0.255128947325215,0.24456267472338586,0.21681026416945567,0.22700674018994033,0.22328186107950074,0.2116772300057031,0.2841629420462943,0.280104217343321,0.3223657022339639,0.2620203906867091,0.3107344301706896,0.3370422686148523,0.6889328487933489,0.792660618681893,0.795969073931935,0.7535092060997196,0.808429350634104,0.822261947261952,0.7618474927097695,0.8113725144180278,0.8634577633925478,0.8631735770280521,0.8432337615609924,0.7787116379314628,0.6705189290290224,0.7154972793356091,0.7193875315623172,0.7312033501634875,0.7531513978488874,0.8578878681756679,0.8838313773792954,0.8705002128088559,0.8559344789480395,0.833878994254666,0.8297503175228488,0.87466903113479,0.7306371472516526,0.6906512358431837,0.6529754179305818,0.5268652282307923,0.6076119495358984,0.6826160612608021,0.4035440132307418,0.2880295235086582,0.21466847528148192]},"qmean_version":"4.3.0"},"title":"Modelling","endtime":"10-12-22 (23:15:19)","mod_engine":["ProMod3"],"ProMod3":{"version":"3.2.1"},"ProMod":null,"MODELLER":null,"SPDBV":null}}