{"modelling":{"id":"243860663e0b0a3a92106e8ff8c46a1580898643","trg_seq":"-----MTGLLDGKRILVSGIITDSSIAFHIARVAQEQGAQLVLTGFDR--LRLIQRITDRLPAKAPLLELDVQNEEHLASLAGRVTEAIGAGNKLDGVVHSIGFMPQTGMGINPFFDAPYADVSKGIHISAYSYASMAKALLPIMNPGGSIVGMDF-DPSRAMPAYNWMTVAKSALESVNRFVAREAGKYGVRSNLVAAGPIRTLAMSAIVGGALGEEAGAQIQLLEEGWDQRAPIGWNMKDATPVAKTVCALLSDWLPATTGDIIYADGGAHTQLL-------------","tpl_seq":"--MAKGNGLLYGKRGLILGLANNRSIAWGIAKTASSAGAELAFTYQGEAMKKRVEPLAEEVKG-FVCGHCDVSDSASIDAVFNTIEKKWG---KLDFLVHAIGFSDKEELS-GRYVDISESNFMMTMNISVYSLTALTKRAEKLMSDGGSILTLTYYGAEKVVPNYNVMGVAKAALEASVKYLAVDLGPKHIRVNAISAGPIKTLAASGIGD----------FRYILKWNEYNAPLRRTVT-IEEVGDSALYLLSDLSRSVTGEVHHVDSGYNIIGMKAVDAPDISVVKE","pdb_id":"5tf4","chain":"D","method":"X-RAY DIFFRACTION","short_method":"X-ray","coverage":0.9405204653739929,"resolution":1.9500000476837158,"description":"Enoyl-[acyl-carrier-protein] reductase [NADH]","seq_sim":0.3478260934352875,"assembly_id":1,"score":1.4679920673370361,"pred_lddt":0.6802557706832886,"seq_id":29.249011993408203,"found_by":"USER_ALIGNMENT","oligo_state":"homo-tetramer","comment":", gmqe_dist_const=0.7432202100753784, gmqe_reduced=0.05837669596076012, gmqe_cb_packing=-0.04385697469115257, gmqe_torsion=-0.19767412543296814, gmqe_ss_agreement=0.7275305986404419, gmqe_coverage=0.9405204653739929, gmqe_seq_id=29.249011993408203, gmqe_seq_sim=0.3478260636329651, gmqe_n_insertions=5, gmqe_n_deletions=2, gmqe_seqres_length=269, gmqe_seqres_coverage=0.9405204460966543, gmqe_profile_aln_score=233.16192626953125, gmqe_avg_entropy=2.276975154876709","offset":2,"starttime":"10-12-22 (23:15:50)","QMean":{"global_scores":{"qmean4_norm_score":0.7030621977902562,"qmean4_z_score":-1.739075723980227,"qmean6_norm_score":0.743076381235945,"qmean6_z_score":-0.7070244543702221,"interaction_norm_score":-0.01365137476730078,"interaction_z_score":-2.175909177347795,"cbeta_norm_score":-0.0052433818143569145,"cbeta_z_score":-1.9854281825880526,"packing_norm_score":-0.3292666170832642,"packing_z_score":-0.722785193725325,"torsion_norm_score":-0.19451613980125776,"torsion_z_score":-1.131899519667448,"ss_agreement_norm_score":0.6678120365096291,"ss_agreement_z_score":0.16501348279649922,"acc_agreement_norm_score":0.828996282527881,"acc_agreement_z_score":1.3220162696343538,"avg_local_score":0.7181294981399233,"avg_local_score_error":0.051},"local_scores":{"D":[0.3864211616886697,0.4608595594984448,0.8419892521409628,0.8413549218499108,0.8583879047241751,0.839727665909346,0.8626123199761214,0.8345076449132962,0.7962569368177727,0.8736202277125048,0.8522879097077624,0.8761189754415424,0.8539766316413354,0.8908157262630221,0.8057801903348302,0.7545849000753606,0.8007757258789966,0.784506719739983,0.8090630539828549,0.8481888964134058,0.8743088223689198,0.9033875681848,0.8507163705046746,0.8208482847036508,0.8857307084373004,0.8941961720089642,0.79500247956346,0.891883742298685,0.9146210290090706,0.8306563326395539,0.844385107652676,0.8380178166469614,0.8884171435516101,0.89663256901851,0.7966199227306943,0.8130791599096502,0.7953560735819314,0.7855585497180727,0.7695171722832741,0.7862566755657543,0.8004941565165449,0.7140396693538124,0.6661168915923529,0.7418972164897684,0.6041916186699456,0.5958626931844531,0.7070232461127556,0.7186397900152561,0.6345022549079752,0.6784910737574279,0.6685028959024701,0.6647835966537546,0.6013249908218392,0.6331483300134805,0.5138878103618992,0.6641547559044889,0.5177528376457742,0.7004925978483125,0.49439629247464073,0.5316925345934236,0.6225141351322853,0.7069789890538788,0.7652564655866598,0.8038894509694872,0.8429022798653247,0.7912233936837231,0.8156738869663595,0.7371131515279169,0.7782038976610465,0.731252382268482,0.6998896211211892,0.7426770353282635,0.7021989283801582,0.6475884520981204,0.6950478493491645,0.7630481355360563,0.6832475901145479,0.7692618496444557,0.7079563608351174,0.6886296376590124,0.7351069884845548,0.700968604807783,0.7327536014290084,0.6309718394247273,0.605405306468504,0.6405032674929403,0.7002351970749582,0.813583595510549,0.8503326024354163,0.8875854274948267,0.8637668057361378,0.8686574508608896,0.830890091906205,0.8638020834883646,0.845321600324055,0.8374518489912002,0.7778447082356845,0.7588953278816549,0.7182641654103896,0.4823675987266826,0.2743640892500757,0.45250817188500814,0.6806882771564086,0.5358670077896186,0.5353795925738976,0.6024697328672735,0.5753261442871619,0.6266974106635144,0.6426653349916046,0.6920728381055922,0.7752049430138201,0.7526828369805684,0.7382880150398654,0.8009975326191205,0.7492105512760879,0.77751182235637,0.7821941859762509,0.782905529421754,0.8514047102464593,0.8061881468450994,0.8076023801244796,0.8278639568150574,0.8454390003490335,0.8634532456372239,0.7937307006151499,0.8314216661487246,0.7966739387392183,0.8384276090830203,0.8028159328401192,0.775122088579498,0.8063574446870441,0.7310701691170935,0.7394639507312264,0.7550795558397584,0.6864269777261562,0.5901382142503869,0.7443177151688236,0.7620858988254442,0.4829625117332996,0.46024466640678574,0.6007889379480381,0.8512296358659028,0.8747793912008845,0.8543233316602035,0.900301928638573,0.9235378478549232,0.8329367823580599,0.8403474115995339,0.8246962933018278,0.8083014900184979,0.7370407936397708,0.7316527989340346,0.5683640990619396,0.7025155523002559,0.5640157788328218,0.6203920197658244,0.6751765301323012,0.7095212630262191,0.7299383415413779,0.7531872404718672,0.7976686911127185,0.7901627441290954,0.8505804535866339,0.8959402135098421,0.829807966887802,0.8577246429463352,0.8815664407503163,0.8814429508602732,0.8208346863054719,0.8359846752848836,0.8407407382168639,0.8254593961771763,0.7681971505283769,0.7880165431289007,0.7845821448545904,0.8691949045929948,0.7248891304163065,0.6608539096448384,0.6932762637200649,0.8065640309182751,0.6471233163760223,0.6629685363192357,0.8014447257416932,0.8887644799869949,0.7894387589354119,0.8880364086156312,0.8889902304453569,0.9089936440097163,0.9078948428909378,0.9046750069818267,0.8553249267740505,0.8110133837974914,0.7747652982159451,0.7297443901912912,0.5660609772273324,0.7381545250532845,0.5887253531650085,0.596630781227103,0.49108038460800907,0.49306401516194204,0.4391771673616086,0.43204120071564694,0.34381627900884565,0.30726541772519667,0.32159434136274556,0.34262815548190456,0.37791113251325226,0.35867386686128416,0.24583943680998233,0.2465717970728818,0.351534269807685,0.3196860890322717,0.5460501070300441,0.3450564430297804,0.503513015972276,0.5415943076121563,0.609541046795588,0.6108078089228398,0.6603343511734526,0.7062947654329745,0.7135916895220401,0.6404408334871864,0.5982591987872843,0.5869281213803543,0.534356322893893,0.7427032974761711,0.756886496354145,0.7191748355859663,0.6150151384398397,0.28101100598051065,0.41916593490602116,0.3689614657782944,0.4406063377600092,0.5506567982498951,0.7505976434354188,0.7801150363266116,0.7392623141070467,0.8143037962619237,0.8166074514009529,0.7812241220049061,0.8189968861445069,0.8316245080899461,0.7992549413676967,0.8484845091481595,0.8708641814717173,0.8721677718658863,0.854763779495162,0.786153099306283,0.6958056824184897,0.7267737504518804,0.7300421685812626,0.7225426359652682,0.7636704811737617,0.8679136340890188,0.8970112739536017,0.8705840796723404,0.8568481846371659,0.841394964920281,0.8335248842416534,0.828881719309349,0.7617678870582683,0.7519849807334162,0.7583700328641549,0.7102751767542348,0.6706104333579082,0.7176183700071201,0.6139074150886106,0.30842012591588214,0.25434009060878715]},"qmean_version":"4.3.0"},"title":"Modelling","endtime":"10-12-22 (23:16:02)","mod_engine":["ProMod3"],"ProMod3":{"version":"3.2.1"},"ProMod":null,"MODELLER":null,"SPDBV":null}}